cut_id,part,qty,rough_dimensions_in,final_dimensions_in,material,orientation,operation,tolerance_in,yield_or_offcut,notes
UDU-CUT-001,Master body upper half (3D-printed) — Medium,1,12 x 12 x 7 envelope,master scaled by 1/(1-shrinkage); ~1.136x at 12% shrinkage,PLA or sealable resin,Z up; mark mouth axis + side-hole datum,Print in 2-3 sessions; sand layer lines; fill voids; seal,+/-0.020,Reuse offcut sprues for shrinkage coupons,Master scale factor must be re-derived from MEASURED clay shrinkage before final master.
UDU-CUT-002,Master body lower half (3D-printed) — Medium,1,12 x 12 x 7 envelope,mirror of UDU-CUT-001,PLA or sealable resin,Z up; mark split-line datum,Print sand fill seal,+/-0.020,Reuse offcut sprues,Same scale factor as UDU-CUT-001.
UDU-CUT-003,Wooden cottle boards (mold making),4,18 x 16 x 0.75 each,16 x 14 x 0.75 each,Melamine-faced MDF,Smooth face inward; mark inner clamping zone,Cut edge-seal drill clamping holes,+/-0.030,One sheet of 4ft x 8ft x 0.75 yields all 4 plus 50% of next mold set,Clean parting wax/release before each pour.
UDU-CUT-004,Plaster mother mold half (poured) — Medium,2,16 x 14 x 4 each,16 x 14 x 3.5-3.75 each (around master),USG #1 pottery plaster (or equiv.),Pour with master keyed to first half; second half over registration,Mix to 73:100 water:plaster (by weight); 2-min slake; pour around sealed master,+/-0.10,Trim spew/edge after demold; recover small offcuts as test slabs,Min 1.50 in plaster around master; 2.0 in preferred for medium-size pour stiffness.
UDU-CUT-005,Greenware vessel (slip-cast) — Medium,1 per pour,master cavity wet (~12 x 14 x 7 OD),~10.6 x 12.4 x 6.2 fired (12% shrink),Cone 6 stoneware casting slip,Mouth axis along master split,Slip pour > drain at target wall (~0.30 in / 7.6 mm) > demold leather-hard,N/A (process-controlled),Reuse demold trim/fettling waste as slip recycle,Wall thickness drives drying time and tap tone — measure on noncritical trim.
UDU-CUT-006,Mouth opening (cast as part of master),1,N/A,3.0 in dia FIRED (=3.41 in master),Cone 6 greenware,Top of body — central,Cast cleanly via mold shape; rim-round at leather-hard,+/-0.030,N/A,Round rim radius for repeated hand-seal comfort.
UDU-CUT-007,Side hole (leather-hard cut),1 per body,N/A,2.0 in dia FIRED,Cone 6 greenware,Side of body at hand-comfort height,Brass tube cutter or hole punch at leather-hard; clean burr with damp finger,+/-0.030 (start),N/A,Cut undersized; final tune at bisque if pitch off >50 cents.
UDU-CUT-008,Foot pads (optional — cast-in or applied),3 per body,N/A,~0.5 in dia x 0.10 in tall,Rubber adhesive feet OR cast-in clay foot,Tripod 120 deg around base,Apply post-glaze fire OR cast as part of master,+/-0.030,N/A,Test with and without feet; feet damp shell tap tone (acoustic trade-off).
UDU-CUT-009,Post-bisque tuning trim,as needed,N/A,Within +/-50 cents of target frequency per validation.csv,Bisqued ceramic,N/A,Diamond burr in steps; enlarge mouth or side hole to raise pitch,+/-0.020 dimensional; +/-50 cents acoustic,N/A,Document each enlarge step on validation row. Hand coupling shifts perceived pitch — measure both with and without hand seal.
UDU-CUT-010,Wax resist mask (pre-glaze),1 application,N/A,~0.020 in dry film over mouth rim + side hole edge + interior,Brushable wax resist,N/A,Brush-apply; dry per supplier; check all openings clear,Visual,N/A,Mask edges where hand contact happens to keep glaze surface clean.
UDU-CUT-011,Glaze application (exterior only),1 application,N/A,~0.010-0.020 in per coat; 1 coat exterior matte,Cone 6 satin or matte glaze,Avoid waxed regions and mouth/side-hole interiors,Dip / brush / spray exterior only,+/-0.010 (visual),N/A,Heavy glaze damps shell tap. Keep coat thin.
UDU-CUT-012,Family scaling — Small / Large / XL master variants,1 set each,Per design table family-spec rows,Per design table fired dimensions,Same as UDU-CUT-001/002,Per family,Print/master/mold parallel pipeline once Medium voicing is stable,+/-0.025,Each size needs its own cottle set,Defer until UDU-P2 medium prototype validates wall thickness + mouth/side ratio.
